{
  "accuracy": 0.6061104582843714,
  "recall": 0.3349997619087161,
  "f1": 0.354020499713566
}