{
  "accuracy": 0.6061104582843714,
  "recall": 0.3362573384160201,
  "f1": 0.35553576071550735
}